source_name,primary_signal_shape,good_for_committed_kpis,good_for_confirmed_working_kpis,good_for_working_kpis,good_for_blockers,good_for_milestones,good_for_health_signals,speaker_or_author_reliability,main_strengths,main_limitations,recommended_initial_use
FATHOM,meeting_summary_and_transcript,medium,high,high,high,high,high,medium,Rich customer discussion goals blockers rollout conditions executive context,Speaker attribution can be inferred and not always exact,Primary source for working KPIs and customer-confirmed goals
SLACK,message_threads_and_mentions,low,medium,high,high,medium,high,high,Direct language fast-moving issues follow-ups escalations,Often noisy fragmented and not always formal enough for committed KPI logic,Secondary source for corroboration blockers and repeated KPI themes
VITALLY,notes_traits_nps_timeline,high,high,high,medium,medium,high,medium,Strong system-of-record style context structured notes success plans NPS,May miss nuance if notes are sparse or inconsistent,Primary source for committed KPIs and customer success context
SALESFORCE,crm_fields_opportunities_cases_tasks,high,medium,medium,medium,medium,medium,high,Structured customer goals commercial metrics account history,Can be stale if fields are not maintained well,Primary source for committed and commercial KPIs
JIRA,issues_comments_status_transitions,low,low,medium,high,medium,high,medium,Excellent blocker and dependency visibility,Usually weak source for KPI-by-itself unless issue is tied to success criterion,Use mainly for blockers and health signals
SHAREPOINT,documents_pages_files,medium,medium,medium,low,medium,medium,medium,Can contain plans QBR documents success definitions and formal documents,Harder to trust freshness and authorship consistently,Use for committed KPI corroboration and context
GOOGLE_DRIVE,docs_notes_files,medium,medium,medium,low,medium,medium,medium,Can contain customer plans notes and strategic documents,Freshness and ownership can be inconsistent,Use for context and documented goals
AM_MEETING,calendar_event_and_notes,low,medium,medium,medium,high,medium,medium,Good for milestones decisions and customer goals from recurring meetings,Usually lighter than Fathom on transcript richness,Use for milestones and working KPI context
PERSONAS,profile_and_segment_context,low,low,low,low,low,medium,high,Useful background context for why success may matter differently by account type,Usually not direct KPI evidence,Use as scoring context rather than KPI source
